{
  "steps_completed": [
    "setup_data",
    "train_models",
    "evaluate_models",
    "validate_models",
    "generate_business_analysis"
  ],
  "execution_times": {
    "setup_data": 0.007517099380493164,
    "train_models": 19.119998931884766,
    "evaluate_models": 6.051846742630005,
    "validate_models": 12.508652448654175,
    "generate_business_analysis": 0.5863721370697021
  },
  "model_count": 15,
  "best_model_metrics": {
    "name": "catboost_scaled",
    "test_r2": 0.8439687893481149,
    "test_rmse": 0.7209533255088177
  },
  "total_execution_time": 38.27735877037048
}