{
  "steps_completed": [
    "setup_data",
    "train_models",
    "evaluate_models",
    "validate_models",
    "generate_business_analysis"
  ],
  "execution_times": {
    "setup_data": 0.009577751159667969,
    "train_models": 22.734814882278442,
    "evaluate_models": 7.3215649127960205,
    "validate_models": 14.96888542175293,
    "generate_business_analysis": 0.8313846588134766
  },
  "model_count": 15,
  "best_model_metrics": {
    "name": "catboost_scaled",
    "test_r2": 0.8439687893481149,
    "test_rmse": 0.7209533255088177
  },
  "total_execution_time": 54.18507623672485
}