{
  "steps_completed": [
    "setup_data",
    "train_models",
    "evaluate_models",
    "validate_models",
    "generate_business_analysis"
  ],
  "execution_times": {
    "setup_data": 0.008666753768920898,
    "train_models": 20.41138744354248,
    "evaluate_models": 5.7304956912994385,
    "validate_models": 11.78555941581726,
    "generate_business_analysis": 0.4976987838745117
  },
  "model_count": 15,
  "best_model_metrics": {
    "name": "catboost_scaled",
    "test_r2": 0.8439687893481149,
    "test_rmse": 0.7209533255088177
  },
  "total_execution_time": 38.436394691467285
}